Workbook

Sheet 产品（机构）
A1: 年度规划任务书
A2: 部门 | B2: 机构 | C2: 科目 | D2: 细分目标 | E2: 2026年年度目标 | F2: 2026年1季度目标 | G2: 2026年2季度目标 | H2: 2026年3季度目标 | I2: 2026年4季度目标 | J2: 1号位签字
A3: 业务方案中心 | B3: 业务方案高风险机构 | C3: 价值 | D3: 签约收入（高） | E3: 50000000 | F3: 5000000 | G3: 15000000 | H3: 20000000 | I3: 10000000 | J3: 申志强
A4: 业务方案中心 | B4: 业务方案高风险机构 | C4: 价值 | D4: 确权收入（高） | E4: 15000000 | F4: 0 | G4: 0 | H4: 0 | I4: 15000000 | J4: 申志强
A5: 业务方案中心 | B5: 业务方案高风险机构 | C5: 费用 | D5: 费用 | E5: 3022504.8 | F5: 1127729.8 | G5: 647759.4 | H5: 635633.6 | I5: 611382 | J5: 申志强
A6: 业务方案中心 | B6: 业务方案中风险机构 | C6: 价值 | D6: 签约收入（中） | E6: 50000000 | F6: 5000000 | G6: 15000000 | H6: 20000000 | I6: 10000000 | J6: 彭楫洲
A7: 业务方案中心 | B7: 业务方案中风险机构 | C7: 价值 | D7: 确权收入（中） | E7: 45000000 | F7: 0 | G7: 2000000 | H7: 15000000 | I7: 28000000 | J7: 彭楫洲
A8: 业务方案中心 | B8: 业务方案中风险机构 | C8: 费用 | D8: 费用 | E8: 855000 | F8: 182118.8 | G8: 322889.8 | H8: 206989.8 | I8: 143001.6 | J8: 彭楫洲
A9: 能力中心 | B9: 服务技术底座机构 | C9: 价值 | D9: 研发成果 | E9: 22 | F9: 7 | G9: 15 | H9: 0 | I9: 0 | J9: 赵振成
A10: 能力中心 | B10: 服务技术底座机构 | C10: 费用 | D10: 费用 | E10: 950000 | F10: 317300 | G10: 210900 | H10: 210900 | I10: 210900 | J10: 赵振成
A11: 能力中心 | B11: 端技术底座机构 | C11: 价值 | D11: 研发成果 | E11: 19 | F11: 13 | G11: 6 | H11: 0 | I11: 0 | J11: 谈佳烽
A12: 能力中心 | B12: 端技术底座机构 | C12: 费用 | D12: 费用 | E12: 855000 | F12: 332500 | G12: 237500 | H12: 142500 | I12: 142500 | J12: 谈佳烽
A13: 能力中心 | B13: AI技术底座机构 | C13: 价值 | D13: 研发成果 | E13: 9 | F13: 5 | G13: 4 | H13: 0 | I13: 0 | J13: 王建明
A14: 能力中心 | B14: AI技术底座机构 | C14: 费用 | D14: 费用 | E14: 1687675 | F14: 439375 | G14: 416100 | H14: 416100 | I14: 416100 | J14: 王建明
... A30: AI方案中心 | B30: AI场景研发机构 | C30: 费用 | D30: 费用 | E30: 907440 | F30: 285988.38 | G30: 207150.54 | H30: 207150.54 | I30: 207150.54 | J30: 毛伟华

Sheet Sheet1
A1: 合计数 | C1: 价值 | D1: 签约收入 | E1: 签约收入（高） | F1: ='产品（机构）'!E3+'产品（机构）'!E24 -> 70550000 | G1: ='产品（机构）'!F3+'产品（机构）'!F24 -> 5000000 | H1: ='产品（机构）'!G3+'产品（机构）'!G24 -> 16200000 | I1: ='产品（机构）'!H3+'产品（机构）'!H24 -> 23990000 | J1: ='产品（机构）'!I3+'产品（机构）'!I24 -> 25360000 | K1: 王建明
E2: 签约收入（中） | F2: ='产品（机构）'!E6+'产品（机构）'!E25 -> 59450000 | G2: ='产品（机构）'!F6+'产品（机构）'!F25 -> 6450000 | H2: ='产品（机构）'!G6+'产品（机构）'!G25 -> 18000000 | I2: ='产品（机构）'!H6+'产品（机构）'!H25 -> 23000000 | J2: ='产品（机构）'!I6+'产品（机构）'!I25 -> 12000000
D3: 确权收入 | E3: 确权收入（高） | F3: ='产品（机构）'!E4+'产品（机构）'!E26 -> 20190000 | G3: ='产品（机构）'!F4+'产品（机构）'!F26 -> 0 | H3: ='产品（机构）'!G4+'产品（机构）'!G26 -> 0 | I3: ='产品（机构）'!H4+'产品（机构）'!H26 -> 0 | J3: ='产品（机构）'!I4+'产品（机构）'!I26 -> 20190000
E4: 确权收入（中） | F4: ='产品（机构）'!E7+'产品（机构）'!E27 -> 52200000 | G4: ='产品（机构）'!F7+'产品（机构）'!F27 -> 0 | H4: ='产品（机构）'!G7+'产品（机构）'!G27 -> 2000000 | I4: ='产品（机构）'!H7+'产品（机构）'!H27 -> 15000000 | J4: ='产品（机构）'!I7+'产品（机构）'!I27 -> 35200000
D5: 成果 | E5: 研发成果 | F5: ='产品（机构）'!E9+'产品（机构）'!E11+'产品（机构）'!E13+'产品（机构）'!E15+'产品（机构）'!E17+'产品（机构）'!E20+'产品（机构）'!E22+'产品（机构）'!E29 -> 157 | G5: ='产品（机构）'!F9+'产品（机构）'!F11+'产品（机构）'!F13+'产品（机构）'!F15+'产品（机构）'!F17+'产品（机构）'!F20+'产品（机构）'!F22+'产品（机构）'!F29 -> 84 | H5: ='产品（机构）'!G9+'产品（机构）'!G11+'产品（机构）'!G13+'产品（机构）'!G15+'产品（机构）'!G17+'产品（机构）'!G20+'产品（机构）'!G22+'产品（机构）'!G29 -> 68 | I5: ='产品（机构）'!H9+'产品（机构）'!H11+'产品（机构）'!H13+'产品（机构）'!H15+'产品（机构）'!H17+'产品（机构）'!H20+'产品（机构）'!H22+'产品（机构）'!H29 -> 5 | J5: ='产品（机构）'!I9+'产品（机构）'!I11+'产品（机构）'!I13+'产品（机构）'!I15+'产品（机构）'!I17+'产品（机构）'!I20+'产品（机构）'!I22+'产品（机构）'!I29 -> 0
C6: 费用 | D6: 费用 | E6: 费用 | F6: ='产品（机构）'!E5+'产品（机构）'!E8+'产品（机构）'!E10+'产品（机构）'!E12+'产品（机构）'!E14+'产品（机构）'!E16+'产品（机构）'!E18+'产品（机构）'!E19+'产品（机构）'!E21+'产品（机构）'!E23+'产品（机构）'!E28+'产品（机构）'!E30 -> 16319417 | G6: ='产品（机构）'!F5+'产品（机构）'!F8+'产品（机构）'!F10+'产品（机构）'!F12+'产品（机构）'!F14+'产品（机构）'!F16+'产品（机构）'!F18+'产品（机构）'!F19+'产品（机构）'!F21+'产品（机构）'!F23+'产品（机构）'!F28+'产品（机构）'!F30 -> 5168617 | H6: ='产品（机构）'!G5+'产品（机构）'!G8+'产品（机构）'!G10+'产品（机构）'!G12+'产品（机构）'!G14+'产品（机构）'!G16+'产品（机构）'!G18+'产品（机构）'!G19+'产品（机构）'!G21+'产品（机构）'!G23+'产品（机构）'!G28+'产品（机构）'!G30 -> 4005301.6 | I6: ='产品（机构）'!H5+'产品（机构）'!H8+'产品（机构）'!H10+'产品（机构）'!H12+'产品（机构）'!H14+'产品（机构）'!H16+'产品（机构）'!H18+'产品（机构）'!H19+'产品（机构）'!H21+'产品（机构）'!H23+'产品（机构）'!H28+'产品（机构）'!H30 -> 3669594.4 | J6: ='产品（机构）'!I5+'产品（机构）'!I8+'产品（机构）'!I10+'产品（机构）'!I12+'产品（机构）'!I14+'产品（机构）'!I16+'产品（机构）'!I18+'产品（机构）'!I19+'产品（机构）'!I21+'产品（机构）'!I23+'产品（机构）'!I28+'产品（机构）'!I30 -> 3475904.6
A7: 数据中心公司公共费用 | C7: 费用 | D7: 费用 | E7: 费用 | F7: 220529.3 | G7: 166409.05 | H7: 29325.23 | I7: 20139.99 | J7: 4655.03 | K7: 陈泽鑫
B8: 板块负责人签字 | K8: 王建明
A10: 备注：季度成果数量以每季度研发立项计划认定的为准。
